{
	"values": [
	  {"id": "farmersdelight:rich_soil_farmland", "required": false},
	  {"id": "immersive_weathering:loamy_farmland", "required": false},
	  {"id": "immersive_weathering:earthen_clay_farmland", "required": false},
	  {"id": "immersive_weathering:sandy_farmland", "required": false},
	  {"id": "immersive_weathering:silty_farmland", "required": false},
	  {"id": "farmingforblockheads:fertilized_farmland_rich", "required": false},
	  {"id": "farmingforblockheads:fertilized_farmland_rich_stable", "required": false},
	  {"id": "farmingforblockheads:fertilized_farmland_healthy", "required": false},
	  {"id": "farmingforblockheads:fertilized_farmland_healthy_stable", "required": false},
	  {"id": "farmingforblockheads:fertilized_farmland_stable", "required": false},
	  {"id": "mysticalagriculture:inferium_farmland", "required": false},
	  {"id": "mysticalagriculture:prudentium_farmland", "required": false},
	  {"id": "mysticalagriculture:tertium_farmland", "required": false},
	  {"id": "mysticalagriculture:imperium_farmland", "required": false},
	  {"id": "mysticalagriculture:supremium_farmland", "required": false},
	  {"id": "mysticalagradditions:insanium_farmland", "required": false},
	  {"id": "farm_and_charm:fertilized_farmland", "required": false},
	  {"id": "biomemakeover:peat_farmland", "required": false},
	  {"id": "forbidden_arcanus:magical_farmland", "required": false},
	  {"id": "aether:aether_farmland", "required": false}
	]
  }
  